{
  "modelName": "NaiveBayes",
  "means": [
    [
      0.06474820143884892,
      0.04316546762589928,
      0,
      0.07913669064748201,
      0.15827338129496402,
      0.17266187050359713,
      0.2446043165467626,
      0.04316546762589928,
      0.5179856115107914,
      0.2517985611510791,
      0.41007194244604317,
      0.2733812949640288,
      0.17266187050359713,
      0.1079136690647482,
      0.4244604316546763,
      0.4892086330935252
    ],
    [
      0.76,
      0.7377777777777778,
      0,
      0.56,
      0.6,
      0.6,
      0.5822222222222222,
      0.32,
      0.24444444444444444,
      0.5466666666666666,
      0.7111111111111111,
      0.4177777777777778,
      0.24444444444444444,
      0.2,
      0.49333333333333335,
      0.48
    ]
  ],
  "calculateProbabilities": [
    [
      -0.9626799345060489,
      [
        1.6153404865574723,
        -0.12198936502971582
      ],
      [
        1.955940158272428,
        -0.08320300281513934
      ],
      [
        null,
        0
      ],
      [
        1.472501282602064,
        -0.14680429569387998
      ],
      [
        1.089062333868355,
        -0.2683766030653745
      ],
      [
        1.0517256555246115,
        -0.2877697841726616
      ],
      [
        0.9247469361437253,
        -0.37222395996246577
      ],
      [
        1.9559401582724292,
        -0.08320300281513926
      ],
      [
        0.7955241341974066,
        -0.502971535814827
      ],
      [
        0.9158119735982471,
        -0.37952246898133685
      ],
      [
        0.808188478970994,
        -0.4873318736315304
      ],
      [
        0.8918760955857092,
        -0.4001668230632895
      ],
      [
        1.0517256555246117,
        -0.28776978417266147
      ],
      [
        1.2811516405232628,
        -0.1939318110728811
      ],
      [
        0.8042406301499914,
        -0.4921280367010734
      ],
      [
        0.7951945198744963,
        -0.5033885934730467
      ]
    ],
    [
      -0.4810534654323205,
      [
        0.9320310888586484,
        -0.36642857142857194
      ],
      [
        0.9049931337694506,
        -0.3886507936507941
      ],
      [
        null,
        0
      ],
      [
        0.8019041558183689,
        -0.49499999999999866
      ],
      [
        0.8125258657146073,
        -0.48214285714285543
      ],
      [
        0.8125258657146077,
        -0.4821428571428549
      ],
      [
        0.8070970490389912,
        -0.4886507936507922
      ],
      [
        0.8533228406383335,
        -0.4371428571428584
      ],
      [
        0.9262314613432107,
        -0.3710317460317469
      ],
      [
        0.7995998287677608,
        -0.49785714285714355
      ],
      [
        0.8782308008713797,
        -0.4126984126984128
      ],
      [
        0.8070970490389912,
        -0.4886507936507921
      ],
      [
        0.9262314613432107,
        -0.3710317460317469
      ],
      [
        0.9951368869069758,
        -0.32142857142857056
      ],
      [
        0.7961802842520852,
        -0.5021428571428571
      ],
      [
        0.7967471624187765,
        -0.5014285714285732
      ]
    ]
  ]
}